useless,movieId,imdbId,tmdbId
11535,49910,463998,1646.0
11560,50153,462229,14396.0
11584,50445,455960,8398.0
11600,50601,398808,1265.0
11610,50685,473308,10758.0
11621,50800,425430,9966.0
11622,50802,490084,1257.0
11624,50806,477051,9757.0
11630,50872,382932,2062.0
11655,51077,259324,1250.0
11658,51084,758766,11172.0
11659,51086,481369,3594.0
11680,51255,425112,4638.0
11697,51412,435705,1738.0
11709,51540,443706,1949.0
11715,51575,486946,11199.0
11739,51834,416508,2977.0
11751,51925,477071,9963.0
11752,51927,455760,14001.0
11753,51931,490204,2355.0
11755,51935,822854,7485.0
11757,51939,453556,1273.0
11783,52241,427470,8270.0
11789,52283,444682,1683.0
11791,52287,396555,1267.0
11796,52328,448134,1272.0
11809,52456,457433,7183.0
11810,52458,486822,8271.0
11811,52460,446013,1534.0
11822,52579,450188,1407.0
11827,52604,488120,6145.0
11832,52644,452702,10294.0
11835,52668,419843,13067.0
11838,52694,453451,1268.0
11843,52717,443473,14636.0
11844,52722,413300,559.0
11875,52973,478311,4964.0
11876,52975,427327,2976.0
11879,53000,463854,1562.0
11880,53002,791304,13159.0
11889,53121,413267,810.0
11890,53123,907657,5723.0
11891,53125,449088,285.0
11893,53129,780571,3432.0
11905,53207,411061,3489.0
11910,53322,496806,298.0
11923,53435,498353,1691.0
11928,53460,423294,9408.0
11929,53464,486576,1979.0
11934,53519,1028528,1991.0
11981,53921,829459,1988.0
11982,53953,450385,3021.0
11983,53956,795368,2196.0
11986,53972,337978,1571.0
11987,53974,762114,2959.0
11989,53993,413099,2698.0
11991,53999,374563,14125.0
11992,54001,373889,675.0
11999,54075,837106,13491.0
12007,54190,445922,4688.0
12020,54259,486655,2270.0
12024,54272,462538,35.0
12026,54276,481141,3638.0
12027,54278,467110,6589.0
12030,54286,440963,2503.0
12031,54290,804452,14123.0
12050,54503,829482,8363.0
12062,54612,416185,13074.0
12066,54648,293564,5174.0
12068,54686,462396,9703.0
12074,54736,431197,4349.0
12080,54775,499556,10431.0
12084,54785,373883,2082.0
12094,54908,804540,2335.0
12106,54995,1077258,1992.0
12107,54997,381849,5176.0
12108,54999,465602,4141.0
12114,55052,783233,4347.0
12118,55069,1032846,2009.0
12122,55080,476964,4413.0
12123,55094,478134,6973.0
12125,55100,466839,15019.0
12130,55118,765443,2252.0
12143,55209,473188,10425.0
12147,55241,419984,13257.0
12148,55245,452625,10030.0
12149,55247,758758,5915.0
12150,55250,492956,13680.0
12153,55257,486640,2728.0
12155,55261,408839,9038.0
12156,55267,480242,7211.0
12158,55272,498399,2001.0
12159,55274,414055,4517.0
12160,55276,465538,4566.0
12161,55278,857265,4520.0
12162,55280,805564,6615.0
12163,55282,389722,4513.0
12164,55284,804522,5125.0
12165,55286,469623,3877.0
12175,55363,443680,4512.0
12187,55442,808417,2011.0
12188,55444,421082,5708.0
12189,55451,866437,5951.0
12205,55555,880502,2014.0
12207,55577,890870,663.0
12222,55721,861739,7347.0
12224,55729,388182,5718.0
12231,55765,765429,4982.0
12232,55768,389790,5559.0
12234,55805,292963,7972.0
12235,55814,401383,2013.0
12236,55820,477348,6977.0
12243,55872,426931,5123.0
12248,55908,756683,13363.0
12253,55995,442933,2310.0
12254,55999,457419,2284.0
12275,56145,884328,5876.0
12276,56152,461770,4523.0
12277,56156,465494,1620.0
12279,56165,804516,13474.0
12281,56169,211933,13483.0
12282,56171,385752,2268.0
12283,56174,480249,6479.0
12284,56176,952640,6477.0
12287,56274,757361,13998.0
12288,56286,368794,3902.0
12293,56336,804555,13186.0
12294,56339,464141,6537.0
12296,56367,467406,7326.0
12300,56389,765120,1989.0
12320,56587,825232,7350.0
12331,56633,489664,13250.0
12336,56700,473356,14148.0
12343,56757,408236,13885.0
12344,56775,465234,6637.0
12346,56782,469494,7345.0
12348,56788,472062,6538.0
12350,56801,758730,440.0
12351,56805,841046,6575.0
12358,56885,427309,14047.0
12364,56941,431308,6023.0
12366,56949,988595,6557.0
12386,57274,1038988,8329.0
12394,57368,1060277,7191.0
12397,57393,399095,4170.0
12398,57401,896798,13252.0
12419,57520,479968,6933.0
12421,57526,880578,8090.0
12422,57528,462499,7555.0
12425,57534,406759,9030.0
12430,57637,780607,13059.0
12431,57640,411477,11253.0
12434,57669,780536,8321.0
12448,57843,901507,13054.0
12461,57951,770752,8676.0
12471,58025,489099,8247.0
12474,58047,832266,8390.0
12477,58078,485851,13641.0
12481,58103,443274,7461.0
12482,58105,416236,8204.0
12483,58107,1023481,8328.0
12484,58111,449994,14073.0
12490,58154,467200,12184.0
12492,58162,425413,7942.0
12507,58293,443649,7840.0
12508,58295,200465,8848.0
12509,58297,483607,13460.0
12510,58299,451079,12222.0
12512,58303,813547,7862.0
12517,58332,848557,13025.0
12518,58334,466816,2239.0
12527,58404,902272,14011.0
12533,58432,486674,8944.0
12548,58559,468569,155.0
12557,58627,1023111,8456.0
12562,58655,817538,8457.0
12575,58803,478087,8065.0
12582,58839,379865,4942.0
12602,58964,856288,13312.0
12603,58972,410377,10488.0
12604,58975,963794,11152.0
12607,58998,800039,9870.0
12609,59014,426592,11918.0
12610,59016,421073,1266.0
12611,59018,857191,12473.0
12612,59022,481536,13335.0
12613,59026,875113,8827.0
12615,59037,811080,7459.0
12623,59107,815178,13079.0
12627,59118,1045670,10503.0
12628,59126,815241,13007.0
12633,59141,845046,13258.0
12634,59143,1111833,14236.0
12646,59256,800240,13018.0
12647,59258,871426,8780.0
12653,59306,926129,8617.0
12655,59315,371746,1726.0
12662,59369,936501,8681.0
12665,59387,460791,14784.0
12666,59392,942903,13001.0
12670,59418,802948,13008.0
12671,59421,1033643,9029.0
12673,59429,974959,8277.0
12681,59501,499448,2454.0
12685,59549,942384,17483.0
12692,59615,367882,217.0
12708,59725,1000774,4564.0
12709,59727,482606,10665.0
12712,59738,490076,9022.0
12715,59784,441773,9502.0
12742,59900,960144,10661.0
12758,59985,460745,12912.0
12760,59995,1078188,14748.0
12767,60040,800080,1724.0
12769,60046,889588,13405.0
12771,60069,910970,10681.0
12772,60072,493464,8909.0
12773,60074,448157,8960.0
12780,60126,425061,11665.0
12781,60128,913445,13019.0
12835,60397,795421,11631.0
12837,60408,1064932,8265.0
12846,60471,479528,13022.0
12856,60514,373051,88751.0
12857,60516,765476,11260.0
12862,60538,492486,14456.0
12877,60647,800241,6687.0
12881,60674,929629,12914.0
12882,60684,409459,13183.0
12892,60753,1117385,13012.0
12893,60756,838283,12133.0
12894,60758,412536,12568.0
12895,60760,443701,8836.0
12897,60766,1155592,14048.0
12901,60816,1079959,13541.0
12916,60937,859163,1735.0
12918,60941,805570,10185.0
12922,60950,497465,5038.0
12923,60979,1117563,13851.0
12933,61024,910936,10189.0
12934,61026,425637,12289.0
12950,61132,942385,7446.0
12951,61136,962711,14878.0
12952,61160,1185834,12180.0
12957,61236,1185616,8885.0
12958,61240,1139797,13310.0
12960,61248,452608,10483.0
12961,61250,852713,12620.0
12963,61255,1031969,10186.0
12965,61262,790686,13515.0
12971,61289,906665,13637.0
12974,61314,827782,13564.0
12977,61323,887883,4944.0
12978,61348,1213644,13805.0
12979,61350,364970,9381.0
12980,61352,988047,13291.0
12987,61398,804507,15206.0
12992,61449,1068641,12165.0
12999,61493,992911,35854.0
13012,61697,1034331,13389.0
13013,61705,947802,13279.0
13016,61729,995039,12797.0
13033,61986,800308,12690.0
13034,61991,1046997,12412.0
13043,62081,1059786,13027.0
13044,62113,455538,13092.0
13048,62155,981227,12182.0
13051,62203,1029234,9539.0
13058,62250,929425,8882.0
13060,62265,809504,13401.0
13062,62293,864761,12783.0
13068,62344,1084950,14976.0
13069,62374,758774,12113.0
13070,62376,970411,13600.0
13075,62394,467197,13051.0
13078,62437,1175491,10523.0
13079,62439,1046163,13596.0
13094,62718,963743,12689.0
13111,62849,1032755,13809.0
13113,62912,962726,11887.0
13122,62999,479952,10527.0
13125,63033,861689,8338.0
13126,63062,824747,3580.0
13128,63072,898367,20766.0
13129,63082,1010048,12405.0
13130,63113,830515,10764.0
13133,63131,430922,15373.0
13161,63436,1132626,11917.0
13165,63479,1135985,13523.0
13169,63540,1014775,14405.0
13191,63808,1068646,8841.0
13193,63826,1031280,13220.0
13197,63853,455824,6972.0
13198,63859,397892,13053.0
13200,63876,1013753,10139.0
13202,63992,1099212,8966.0
13203,64010,1172571,16342.0
13204,64030,1129442,13387.0
13205,64032,369436,12193.0
13206,64034,914798,14574.0
13210,64116,465502,14248.0
13213,64197,986233,10360.0
13214,64229,1042877,14299.0
13215,64231,450314,13056.0
13221,64249,897387,13394.0
13227,64285,1118511,14447.0
13241,64497,970416,10200.0
13243,64501,374569,8880.0
13244,64508,844760,11127.0
13253,64575,918927,14359.0
13256,64614,1205489,13223.0
13257,64620,870111,11499.0
13258,64622,976051,8055.0
13265,64701,1068649,8276.0
13267,64716,814314,11321.0
13273,64839,1125849,12163.0
13288,64957,421715,4922.0
13290,64969,1068680,10201.0
13293,64983,985699,2253.0
13296,64993,983213,38142.0
13306,65045,996979,13954.0
13310,65088,960731,10202.0
13313,65126,1024715,13973.0
13314,65130,959337,4148.0
13317,65142,926762,17845.0
13322,65193,1024255,13971.0
13324,65216,1034303,13813.0
13327,65230,822832,14306.0
13333,65261,876563,12429.0
13353,65435,1107365,13690.0
13366,65577,420238,10199.0
13367,65585,901476,10521.0
13380,65642,480669,14139.0
13387,65682,834001,12437.0
13388,65685,494238,2309.0
13401,65772,464041,13825.0
13404,65802,1114740,14560.0
13406,65813,1139668,13788.0
13413,65882,815245,14254.0
13424,65982,462465,10529.0
13438,66066,1053859,1977.0
13440,66090,1020530,13510.0
13442,66097,327597,14836.0
13448,66156,961728,14851.0
13449,66171,465580,13455.0
13451,66200,1103275,10362.0
13452,66203,1001508,10184.0
13464,66297,1054487,15060.0
13468,66310,814685,13492.0
13472,66330,961108,7353.0
13481,66371,1069238,16804.0
13484,66427,489235,1961.0
13491,66509,1201167,20829.0
13492,66511,1213019,30508.0
13521,66691,1112782,14979.0
13525,66744,1023490,8832.0
13529,66783,758746,13207.0
13530,66785,901487,15067.0
13532,66798,838232,15159.0
13552,66934,1227926,14301.0
13554,66943,465430,13849.0
13564,67087,1155056,16538.0
13571,67186,492044,18781.0
13573,67193,1135487,16558.0
13574,67197,448011,13811.0
13578,67252,785035,16353.0
13579,67255,1132620,15472.0
13581,67267,862846,13090.0
13593,67365,465375,17097.0
13596,67408,892782,15512.0
13607,67534,490086,13161.0
13612,67620,1073241,14637.0
13626,67788,1093908,20048.0
13628,67799,1234541,16258.0
13633,67839,981072,16005.0
13639,67867,1098327,14164.0
13671,68073,1131729,18947.0
13675,68135,974661,16996.0
13678,68157,361748,16869.0
13679,68159,473705,16995.0
13687,68194,1226271,21641.0
13689,68205,1121931,15092.0
13695,68237,1182345,17431.0
13703,68269,962736,18320.0
13716,68358,796366,13475.0
13720,68444,460810,16279.0
13727,68486,1326972,15384.0
13735,68519,1231277,17532.0
13736,68522,393597,10946.0
13745,68554,808151,13448.0
13767,68749,1082853,21583.0
13768,68791,438488,534.0
13769,68793,1078912,18360.0
13775,68848,844286,21755.0
13794,68932,821642,17332.0
13795,68941,844708,18405.0
13798,68952,1127180,16871.0
13799,68954,1049413,14160.0
13803,68965,1153706,21724.0
13809,69027,1167660,15588.0
13821,69122,1119646,18785.0
13823,69134,870984,17609.0
13846,69253,1095174,14536.0
13849,69275,1278340,14451.0
13850,69278,457400,18162.0
13856,69306,1111422,18487.0
13874,69406,1041829,18240.0
13879,69436,1045778,17610.0
13893,69481,887912,12162.0
13905,69516,1135092,8284.0
13918,69604,1178663,19265.0
13919,69606,821640,12556.0
13923,69640,1152836,11322.0
13924,69644,1080016,8355.0
13950,69757,1022603,19913.0
13956,69784,889583,18480.0
13962,69805,1146438,14728.0
13965,69818,893402,8884.0
13969,69844,417741,767.0
14025,70159,1148204,21208.0
14029,70183,1142988,20943.0
14036,70208,971209,12403.0
14042,70282,775552,20856.0
14043,70286,1136608,17654.0
14044,70293,1135503,24803.0
14046,70301,1198138,17335.0
14047,70305,1075417,13836.0
14052,70336,1046173,14869.0
14056,70361,1160368,17134.0
14094,70567,1185836,22051.0
14101,70599,452694,24420.0
14102,70607,1104835,13797.0
14107,70641,1151922,19556.0
14113,70663,1032815,19840.0
14121,70697,436339,19585.0
14123,70706,1082601,17336.0
14129,70728,1172570,18533.0
14141,70802,396707,18032.0
14167,70898,1142433,25704.0
14173,70932,865559,23049.0
14183,70984,1127896,26320.0
14187,70994,1311067,24150.0
14194,71033,1305806,25376.0
14196,71057,472033,12244.0
14204,71106,910554,22494.0
14205,71108,1149362,37903.0
14210,71129,1384590,17445.0
14213,71135,1188729,19898.0
14235,71205,1131734,19994.0
14236,71211,1130080,11323.0
14243,71248,1225822,12569.0
14244,71252,1144884,19912.0
14245,71254,1034032,18501.0
14246,71264,844471,22794.0
14259,71325,899106,25643.0
14260,71327,810784,29963.0
14271,71379,1179904,23827.0
14294,71462,1313104,23128.0
14295,71464,1019452,12573.0
14296,71466,1174730,28053.0
14307,71500,862856,23202.0
14309,71518,1172233,22798.0
14310,71520,1058017,23082.0
14313,71530,986263,19959.0
14315,71535,1156398,19908.0
14324,71573,365929,22787.0
14326,71579,1174732,24684.0
14337,71668,1078940,19899.0
14338,71670,881891,23706.0
14347,71700,896534,23966.0
14362,71745,386117,16523.0
14379,71823,808399,12572.0
14380,71838,1197624,22803.0
14389,71899,978762,24238.0
14390,71902,1186370,19918.0
14391,71910,471041,24056.0
14413,72011,1193138,22947.0
14438,72129,1233227,22804.0
14439,72131,1477715,13576.0
14446,72165,450405,24418.0
14447,72167,1300851,22821.0
14449,72171,1190536,24804.0
14453,72209,375568,16577.0
14457,72226,432283,10315.0
14473,72294,1067106,17979.0
14491,72356,1425244,24480.0
14496,72378,1190080,14161.0
14497,72380,362478,22825.0
14501,72393,1220198,22824.0
14502,72395,929632,25793.0
14504,72405,1095217,11699.0
14505,72407,1259571,18239.0
14508,72483,435679,14859.0
14510,72489,1186367,22832.0
14519,72554,1242422,33273.0
14532,72605,765010,7445.0
14545,72641,878804,22881.0
14562,72696,976238,22949.0
14564,72701,762125,16866.0
14569,72720,1315981,34653.0
14573,72731,380510,7980.0
14574,72733,1057500,22954.0
14576,72737,780521,10198.0
14579,72762,913354,4597.0
14614,72919,1314228,24438.0
14632,72998,499549,19995.0
14637,73015,1230414,22897.0
14638,73017,988045,10528.0
14639,73023,1263670,25196.0
14643,73042,1231580,23398.0
14653,73106,1407050,26123.0
14676,73168,806203,25769.0
14701,73268,433362,19901.0
14706,73290,1028532,28178.0
14711,73319,1216492,25195.0
14712,73321,1037705,20504.0
14713,73323,1343097,33613.0
14748,73488,806027,1450.0
14754,73511,892767,18476.0
14773,73664,944834,10800.0
14783,73741,1182921,25602.0
14794,73804,463872,2395.0
14795,73808,1190539,13855.0
14813,73874,346631,22164.0
14816,73881,1187043,20453.0
14824,73929,1038686,22894.0
14861,74154,1185416,13477.0
14862,74156,1226273,12201.0
14868,74228,1187064,26466.0
14907,74450,817230,32856.0
14908,74452,780653,7978.0
14909,74456,819755,60086.0
14910,74458,1130884,11324.0
14916,74484,1212974,26715.0
14924,74510,1216487,24253.0
14926,74530,814255,32657.0
14927,74532,1385867,23742.0
14943,74624,1186830,26428.0
14950,74668,1247640,15357.0
14958,74685,455407,29427.0
14959,74688,989757,22971.0
14970,74750,1245112,10664.0
14977,74787,1188996,26022.0
14978,74789,1014759,12155.0
14980,74795,947810,22972.0
14990,74868,1235124,23488.0
14993,74916,1234654,27583.0
14995,74944,1210042,26390.0
14996,74946,815236,34016.0
14997,74948,1289406,25941.0
15001,75341,1403981,23169.0
15012,75395,1323045,44363.0
15022,75425,1134854,29426.0
15026,75438,959329,34335.0
15033,75813,1151359,12834.0
15051,75985,1053424,31867.0
15056,76030,795351,28355.0
15061,76054,765128,36970.0
15066,76077,1231587,23048.0
15067,76079,1352824,28211.0
15073,76093,892769,10191.0
15075,76111,1360860,37181.0
15080,76130,1288403,28510.0
15096,76175,800320,18823.0
15107,76251,1250777,23483.0
15116,76293,1279935,35056.0
15121,76317,838247,36419.0
15145,76763,1017451,27586.0
15177,77191,1321509,34803.0
15178,77201,862467,37861.0
15180,77206,1196141,33217.0
15201,77307,1379182,38810.0
15203,77316,1124052,21345.0
15220,77364,480255,34813.0
15225,77421,1336617,39053.0
15226,77427,1467304,37169.0
15245,77540,970452,32985.0
15247,77561,1228705,10138.0
15252,77665,1392197,38579.0
15253,77667,1470023,37931.0
15254,77672,1106860,27004.0
15280,77795,381940,34069.0
15281,77798,1179056,23437.0
15282,77800,1341167,37495.0
15288,77820,492389,35169.0
15293,77837,1132623,36950.0
15295,77843,1379177,38542.0
15299,77866,955308,20662.0
15336,78034,1196204,36801.0
15338,78039,1120985,46705.0
15354,78088,1462758,26388.0
15362,78105,473075,9543.0
15371,78142,1081935,25846.0
15378,78174,1261945,37786.0
15386,78209,1226229,32823.0
15397,78266,1017460,37707.0
15407,78316,892318,37056.0
15440,78467,1075747,20533.0
15441,78469,429493,34544.0
15445,78499,435761,10193.0
15454,78574,1399683,39013.0
15458,78606,1075113,18897.0
15469,78637,892791,10192.0
15505,78772,1325004,24021.0
15512,78836,1191111,34647.0
15519,78893,938283,10196.0
15552,79008,1308667,16023.0
15561,79057,1424381,34851.0
15570,79091,1323594,20352.0
15578,79132,1375666,27205.0
15579,79134,1375670,38365.0
15581,79139,963966,27022.0
15585,79185,1013743,37834.0
15595,79224,1155076,38575.0
15607,79251,1273235,73861.0
15610,79274,1569923,40662.0
15617,79293,944835,27576.0
15632,79357,485947,31011.0
15642,79428,427152,38778.0
15646,79463,1415283,35019.0
15668,79541,1264904,31203.0
15678,79572,493949,38843.0
15683,79590,1205535,24122.0
15684,79592,1386588,27581.0
15687,79599,1268987,41135.0
15712,79695,1320253,27578.0
15713,79702,446029,22538.0
15717,79720,1313092,44629.0
15732,79796,1020558,23759.0
15737,79807,458455,9503.0
15751,79860,997152,43549.0
15752,79863,816436,14138.0
15758,79879,464154,43593.0
15764,79910,1059925,26035.0
15766,79914,1145144,16346.0
15782,79987,1329457,31900.0
15789,80026,411951,42194.0
15811,80126,1440728,27579.0
15816,80139,1117523,14158.0
15841,80219,985694,23631.0
15842,80222,1193631,41233.0
15877,80350,1666186,40264.0
15904,80463,1285016,37799.0
15913,80489,840361,23168.0
15920,80549,1282140,37735.0
15921,80551,879870,38167.0
15933,80586,817177,43949.0
15935,80590,1027718,33909.0
15940,80615,1219342,41216.0
15941,80617,1287468,39691.0
15957,80693,804497,43923.0
15965,80727,1251757,38842.0
15980,80775,1486190,38961.0
15997,80831,1228987,41402.0
16000,80839,1028576,39486.0
16002,80846,1314655,44040.0
16004,80858,1414382,38303.0
16005,80860,1055292,38408.0
16010,80880,1423995,44113.0
16016,80906,1645089,44639.0
16023,80939,1244754,45094.0
16024,80941,1107319,70695.0
16030,80969,1334260,42188.0
16039,81020,1442519,19597.0
16074,81140,1179069,41505.0
16080,81156,1116184,16290.0
16085,81180,1320304,42941.0
16097,81229,1245526,39514.0
16102,81257,1340107,44716.0
16122,81362,435528,14397.0
16140,81417,1536044,41436.0
16157,81512,1212419,44603.0
16158,81516,1181791,41215.0
16160,81520,1156466,38234.0
16162,81535,1477076,41439.0
16163,81537,1231583,41733.0
16166,81562,1542344,44115.0
16167,81564,1001526,38055.0
16175,81591,947798,44214.0
16184,81637,1230204,49953.0
16225,81782,477080,44048.0
16226,81784,1126618,38357.0
16227,81786,1020773,48303.0
16228,81788,1458175,43539.0
16229,81791,1421051,39210.0
16235,81819,1164999,45958.0
16239,81834,926084,12444.0
16240,81845,1504320,45269.0
16241,81847,398286,38757.0
16255,81932,964517,45317.0
16256,81949,1403988,41556.0
16279,82022,1320291,49787.0
16291,82053,1194417,45324.0
16300,82093,1213648,48838.0
16301,82095,1564585,42684.0
16317,82152,1152398,38117.0
16320,82167,758752,43347.0
16321,82169,980970,10140.0
16331,82202,1243957,37710.0
16332,82209,1319704,48946.0
16337,82244,798817,44982.0
16370,82366,1270835,43919.0
16373,82378,1175709,46503.0
16389,82459,1403865,44264.0
16390,82461,1104001,20526.0
16399,82527,1423894,46829.0
16422,82667,1588170,49797.0
16442,82744,1433108,41283.0
16449,82767,935075,27585.0
16458,82852,970866,39451.0
16459,82854,1320261,38745.0
16491,83086,1126591,42297.0
16495,83132,1568921,51739.0
16508,83219,1059955,15302.0
16534,83302,1294688,23830.0
16550,83349,990407,40805.0
16555,83369,1023114,49009.0
16575,83478,1653690,43209.0
16576,83480,479997,23047.0
16605,83613,409847,49849.0
16629,83798,1183665,35052.0
16646,83910,1578275,44564.0
16658,83976,1740047,63578.0
16686,84152,1219289,51876.0
16699,84189,1242432,43947.0
16735,84374,1411238,41630.0
16738,84395,1161864,48171.0
16740,84414,1699114,56590.0
16778,84557,893412,50217.0
16784,84601,1401152,48138.0
16785,84613,881320,48340.0
16789,84637,377981,45772.0
16806,84696,1320239,50204.0
16810,84732,1452628,43552.0
16819,84772,1092026,39513.0
16852,84942,1502404,47327.0
16853,84944,1192628,44896.0
16855,84950,810922,50725.0
16857,84954,1385826,38050.0
16871,85007,1481572,47218.0
16876,85020,472399,27582.0
16877,85022,480687,48988.0
16879,85056,1464540,46529.0
16890,85179,1474276,28874.0
16904,85261,1305591,50321.0
16905,85268,1258157,22620.0
16913,85295,1618435,47533.0
16927,85342,1555149,47931.0
16929,85354,411272,15362.0
16934,85367,1564367,50546.0
16943,85397,1486185,49730.0
16944,85399,1464174,38322.0
16945,85401,1512235,45132.0
16949,85414,945513,45612.0
16950,85438,1229822,38684.0
16958,85510,978764,23629.0
16990,85736,1334585,13413.0
16998,85774,1424432,58496.0
17003,85788,1591095,49018.0
17007,85796,1640459,49010.0
17010,85874,912597,20329.0
17025,85992,1267379,13190.0
17030,86014,1650043,60307.0
17036,86059,1411704,50359.0
17054,86142,1436045,58857.0
17065,86190,993842,50456.0
17074,86244,1291652,29920.0
17082,86293,1334512,49012.0
17083,86295,1262416,41446.0
17084,86298,1436562,46195.0
17092,86320,1527186,62215.0
17093,86330,840322,31451.0
17094,86332,800369,10195.0
17111,86412,1606180,57118.0
17151,86548,1067583,55787.0
17210,86781,1255953,46738.0
17222,86815,1596346,43959.0
17228,86835,822847,38321.0
17244,86880,1298650,1865.0
17245,86882,1605783,59436.0
17246,86884,1827512,63831.0
17247,86892,1527788,51608.0
17250,86898,478304,8967.0
17256,86911,1411697,45243.0
17257,86922,1528313,52077.0
17278,87004,1440266,57276.0
17284,87028,1265990,49950.0
17305,87079,1529572,44945.0
17314,87105,1646926,51170.0
17325,87192,1478964,59678.0
17326,87194,1441912,59468.0
17334,87222,1302011,49444.0
17339,87234,1440292,49020.0
17359,87306,1650062,37686.0
17394,87430,1133985,44912.0
17404,87483,1396218,58224.0
17405,87485,1284575,52449.0
17416,87522,1583420,59861.0
17464,87785,1135084,22907.0
17479,87867,1222817,38317.0
17480,87869,1499658,51540.0
17483,87876,1216475,49013.0
17554,88108,1067774,59860.0
17559,88125,1201607,12445.0
17561,88129,780504,64690.0
17566,88140,458339,1771.0
17569,88163,1570728,50646.0
17576,88179,1563738,51828.0
17586,88235,1540133,67913.0
17591,88267,1449283,51162.0
17620,88356,472181,41513.0
17626,88380,1013860,43935.0
17630,88405,1632708,50544.0
17644,88468,1213012,12819.0
17656,88515,1297919,55846.0
17701,88699,1500491,51620.0
17710,88744,1318514,61791.0
17725,88810,1454029,50014.0
17726,88812,1622547,62206.0
17733,88835,1922612,67675.0
17747,88932,1622979,55779.0
17750,88954,1268799,55465.0
17764,89002,1517489,56288.0
17773,89028,1270761,46261.0
17774,89030,1438176,58151.0
17775,89039,1549572,55420.0
17785,89072,1464580,52015.0
17788,89085,1226753,48289.0
17789,89087,1657507,62835.0
17799,89118,1189073,63311.0
17810,89190,816462,37430.0
17815,89208,1104006,16335.0
17819,89217,1296898,52338.0
17826,89260,1814836,63579.0
17873,89470,1598778,39538.0
17874,89472,1456472,61667.0
17880,89490,999913,64639.0
17881,89492,1210166,60308.0
17889,89535,1508675,73532.0
17894,89554,1562872,61202.0
17917,89650,1233301,38543.0
17926,89678,844794,18093.0
17941,89745,848228,24428.0
17943,89753,1340800,49517.0
17944,89759,1832382,60243.0
17945,89761,1571222,48231.0
17951,89774,1291584,59440.0
17964,89837,1788391,74725.0
17965,89840,1448755,49021.0
17970,89862,1242599,58699.0
17971,89864,1306980,40807.0
17980,89904,1655442,74643.0
18058,90249,433035,39254.0
18088,90345,905372,60935.0
18096,90374,1441326,50837.0
18104,90405,1637688,49530.0
18111,90430,1692486,72113.0
18113,90434,1436568,71677.0
18114,90439,1615147,50839.0
18121,90469,1778304,72571.0
18123,90474,1661420,71157.0
18124,90476,1440161,45156.0
18131,90522,1634122,58233.0
18132,90524,1600195,59965.0
18134,90528,1440345,53487.0
18135,90531,1723811,76025.0
18155,90578,1462041,69668.0
18160,90600,1614989,70670.0
18171,90645,1521197,61891.0
18190,90717,471042,59108.0
18191,90719,1616195,88794.0
18196,90746,983193,17578.0
18198,90751,1535612,74536.0
18205,90809,1847731,65229.0
18220,90866,970179,44826.0
18222,90870,1674784,70578.0
18228,90888,1253864,37958.0
18276,91077,1033575,65057.0
18277,91079,1758692,60420.0
18278,91094,1204342,64328.0
18280,91104,1324999,50619.0
18285,91126,1568911,57212.0
18286,91128,376136,23514.0
18287,91134,1655420,75900.0
18317,91243,1092634,38407.0
18324,91266,1071358,15157.0
18337,91323,1366344,57431.0
18338,91325,477302,64685.0
18341,91335,1461418,28118.0
18350,91386,1402488,65759.0
18355,91414,1430607,51052.0
18369,91474,1541160,62046.0
18370,91483,1308729,70074.0
18371,91485,1764651,76163.0
18376,91500,1392170,70160.0
18378,91505,1216520,59457.0
18384,91529,1345836,49026.0
18387,91535,1194173,49040.0
18390,91542,1515091,58574.0
18419,91626,1536410,70577.0
18421,91630,1229238,56292.0
18424,91653,1389137,74465.0
18426,91658,1568346,65754.0
18427,91660,1093357,71469.0
18430,91671,1615918,55301.0
18435,91690,1720616,80038.0
18437,91694,1634121,63207.0
18469,91823,1702433,50393.0
18475,91842,1524137,77866.0
18492,91890,1007029,71688.0
18509,91947,1336006,79896.0
18515,91972,1535616,38541.0
18516,91974,1496025,52520.0
18517,91976,1601913,75174.0
18518,91978,1568338,49527.0
18529,92008,1506999,70435.0
18537,92048,896872,65760.0
18538,92058,1530509,74997.0
18560,92152,1650407,62564.0
18578,92192,1772240,50357.0
18580,92198,1214962,74998.0
18583,92206,1255916,71670.0
18591,92234,485985,72431.0
18600,92259,1675434,77338.0
18608,92309,1594562,58428.0
18627,92393,1123373,48492.0
18634,92420,1706593,76726.0
18635,92422,1596365,65086.0
18659,92507,1599348,59961.0
18660,92509,1606389,72570.0
18679,92643,2011971,78480.0
18685,92665,1996264,84200.0
18690,92681,1397514,72545.0
18695,92694,1439572,51999.0
18696,92696,1341710,47763.0
18720,92804,1403130,30596.0
18721,92817,1857913,75948.0
18722,92819,1686784,81870.0
18742,92920,1703148,70954.0
18746,92938,1071875,71676.0
18747,92944,961097,77459.0
18751,92954,1073510,21634.0
18779,93142,1865567,71672.0
18781,93164,1437358,77495.0
18783,93172,1117581,71254.0
18800,93242,1838544,79548.0
18802,93265,1630036,72213.0
18804,93270,1636826,57214.0
18805,93272,1482459,73723.0
18807,93287,1053810,73937.0
18811,93297,1591479,75674.0
18815,93326,1596350,59962.0
18822,93363,401729,49529.0
18841,93443,1456635,74387.0
18845,93457,1772250,80184.0
18851,93475,1687901,77949.0
18858,93498,1848902,91010.0
18862,93510,1232829,64688.0
18874,93563,1592525,81796.0
18906,93721,1772925,80767.0
18920,93766,1646987,57165.0
18930,93805,1034314,10679.0
18934,93831,1605630,71552.0
18936,93838,1899353,94329.0
18937,93840,1259521,22970.0
18939,93855,1912398,74306.0
18946,93892,1565958,51991.0
18961,93939,1550312,85033.0
18962,93946,1726589,91070.0
18966,93954,1767382,92182.0
18970,93980,383010,76489.0
18971,93982,1486192,70436.0
18976,94015,1667353,62764.0
18977,94018,1440129,44833.0
18985,94070,1412386,74534.0
18995,94114,1629440,60405.0
19006,94150,1435513,75802.0
19010,94160,1401113,31967.0
19023,94266,1195478,72207.0
19040,94325,1327194,77877.0
19051,94405,1656190,72387.0
19072,94478,1077368,62213.0
19073,94480,1104123,13486.0
19079,94503,1657299,40161.0
19101,94677,1645170,76493.0
19111,94746,808339,14400.0
19121,94777,1409024,41154.0
19122,94780,1735898,58595.0
19139,94833,1430626,72197.0
19144,94864,1446714,70981.0
19145,94867,2040560,111440.0
19163,94953,1655460,50647.0
19166,94959,1748122,83666.0
19181,95004,934706,13640.0
19202,95088,1862079,84332.0
19203,95105,1277953,80321.0
19210,95135,1742336,84355.0
19215,95149,1398941,22855.0
19223,95167,1217209,62177.0
19231,95197,1440732,86467.0
19232,95199,1586265,76494.0
19233,95201,1859650,81836.0
19235,95207,1611224,72331.0
19243,95237,1701990,68684.0
19253,95307,1336608,80585.0
19255,95311,1245104,13042.0
19263,95441,1637725,72105.0
19266,95449,1915581,77930.0
19275,95488,337692,83770.0
19283,95510,948470,1930.0
19291,95539,1261978,23823.0
19293,95543,1667889,57800.0
19298,95567,1716777,98548.0
19305,95583,1615065,82525.0
19326,95670,2215285,103370.0
19334,95720,1298649,80035.0
19372,95873,1839492,103332.0
19373,95875,1386703,64635.0
19382,95939,1924394,103747.0
19421,96079,1074638,37724.0
19428,96110,1790886,77953.0
19430,96114,1990181,85414.0
19431,96121,1535438,82696.0
19469,96281,1623288,77174.0
19470,96283,2023453,82650.0
19479,96302,2025526,79224.0
19486,96367,2097307,109513.0
19488,96373,1441940,109584.0
19503,96432,1212450,82633.0
19507,96456,1603257,89691.0
19517,96490,431021,77883.0
19518,96496,1975249,127521.0
19519,96498,1907779,119698.0
19520,96501,1440232,48034.0
19522,96510,1433822,79694.0
19539,96565,1920849,84174.0
19547,96588,1981677,114150.0
19548,96590,1366365,77948.0
19551,96596,1368440,112090.0
19555,96606,770802,89708.0
19557,96610,1276104,59967.0
19558,96612,1971352,84188.0
19560,96616,1232200,87428.0
19561,96621,940657,26505.0
19564,96634,1757742,97795.0
19571,96655,1990314,84329.0
19585,96700,1680045,89455.0
19594,96728,1560747,68722.0
19598,96737,1343727,49049.0
19603,96755,847745,20069.0
19622,96811,1855199,77016.0
19624,96815,2105044,84348.0
19627,96821,1659337,84892.0
19628,96829,2106476,103663.0
19629,96832,2076220,103328.0
19638,96857,1748179,75638.0
19640,96861,1397280,82675.0
19653,96911,1276419,88273.0
19654,96917,1582507,82505.0
19657,96923,2043757,86703.0
19673,96964,1658837,86597.0
19674,96966,1650048,110160.0
19678,96975,1592873,80271.0
19687,97024,2053425,97365.0
19698,97057,1613750,70667.0
19699,97059,2215719,101267.0
19725,97172,1142977,62214.0
19730,97188,1922777,82507.0
19738,97225,837562,76492.0
19759,97304,1024648,68734.0
19760,97306,1931533,86838.0
19762,97311,1349451,79697.0
19766,97328,1872818,84306.0
19784,97462,844993,57089.0
19809,97648,1954470,117691.0
19813,97665,1597522,99770.0
19839,97742,1712170,94348.0
19841,97752,1371111,83542.0
19870,97832,1629757,82684.0
19872,97836,1648179,87826.0
19880,97866,1966604,84287.0
19899,97913,1772341,82690.0
19903,97921,1045658,82693.0
19904,97923,1907668,87502.0
19906,97936,1781769,96724.0
19907,97938,454876,87827.0
19911,97950,1258972,97430.0
19914,97957,1984153,84194.0
19924,97998,1556243,133458.0
19931,98017,1226240,121879.0
19932,98019,970472,13391.0
19938,98036,1802197,77878.0
19943,98054,1656186,127493.0
19944,98056,1602620,86837.0
19949,98067,1473063,62580.0
19955,98083,1753968,65851.0
19956,98085,1231287,19794.0
19957,98087,1362058,114606.0
19959,98109,1641975,52001.0
19964,98122,1942884,80215.0
19965,98124,2313197,123025.0
19972,98154,443272,72976.0
19987,98203,1673434,50620.0
19995,98230,1715873,58547.0
19999,98243,1446192,81188.0
20015,98296,1667310,97614.0
20035,98369,2262308,119431.0
20036,98373,1800741,85446.0
20039,98381,1716747,70584.0
20076,98491,2388725,140420.0
20100,98572,272052,152795.0
20103,98585,975645,112336.0
20110,98604,1798188,83389.0
20146,98809,903624,49051.0
20183,98961,1790885,97630.0
20186,98973,1579361,84185.0
20187,98975,2099556,125490.0
20196,99005,1925431,139567.0
20197,99007,1588173,82654.0
20204,99030,1901040,83186.0
20217,99087,1540128,77875.0
20222,99106,1694020,82687.0
20225,99112,790724,75780.0
20226,99114,1853728,68718.0
20227,99117,1758830,89492.0
20235,99145,1649419,80278.0
20237,99149,1707386,82695.0
20241,99178,1791614,87440.0
20249,99222,2347497,139455.0
20266,99296,1999995,97051.0
20276,99335,2205401,235271.0
20285,99367,938666,24446.0
20297,99415,1047540,88042.0
20301,99437,1783732,75761.0
20310,99470,1748227,134597.0
20328,99530,1979319,127533.0
20330,99537,1757746,97605.0
20340,99574,2091473,133694.0
20380,99721,1572315,76617.0
20383,99728,1321870,82682.0
20391,99746,1867093,98339.0
20393,99750,1491044,68812.0
20410,99813,2166834,142061.0
20441,99910,1549920,76640.0
20442,99912,2023587,132232.0
20444,99917,2084989,145197.0
20453,99957,1235522,98357.0
20457,99968,2115295,121872.0
20496,100083,1333125,87818.0
20501,100093,1988591,156717.0
20507,100108,1904996,119283.0
20517,100159,2023690,117974.0
20519,100163,1428538,60304.0
20568,100302,1374992,58244.0
20575,100322,1836944,81446.0
20588,100359,1457765,150202.0
20590,100363,1174954,13648.0
20595,100383,2053463,109421.0
20598,100390,2024432,109431.0
20605,100408,1753496,133121.0
20625,100469,1424310,98567.0
20628,100487,1559547,109491.0
20633,100498,1606378,47964.0
20636,100507,1711425,107811.0
20644,100527,1702439,112949.0
20659,100579,1659343,122857.0
20667,100611,765446,68179.0
20678,100714,2209418,132344.0
20679,100717,1313139,89008.0
20685,100729,2085930,114478.0
20688,100737,882977,134411.0
20695,100810,2387433,145135.0
20701,100843,1954701,130739.0
20702,100882,2017561,170657.0
20717,101025,1351685,81005.0
20726,101076,1583421,72559.0
20729,101088,1682180,86825.0
20734,101112,1623205,68728.0
20739,101137,2101341,102362.0
20740,101142,481499,49519.0
20757,101186,2070776,136403.0
20787,101281,2244901,150117.0
20788,101283,790628,124459.0
20789,101285,2101441,122081.0
20810,101360,1911644,158011.0
20811,101362,2302755,117263.0
20850,101498,1964624,121875.0
20855,101525,1817273,97367.0
20856,101527,1876277,78215.0
20857,101529,1935902,127867.0
20862,101577,1517260,72710.0
20871,101599,1582271,65650.0
20873,101612,1814621,144340.0
20913,101739,1288558,109428.0
20914,101741,1924429,68727.0
20919,101761,1684233,93828.0
20921,101765,1986843,133698.0
20943,101864,1483013,75612.0
20947,101880,1697064,171337.0
20951,101893,1595656,60281.0
20952,101895,453562,109410.0
20972,101962,2140203,110420.0
20977,101973,1433811,127517.0
20984,101997,795461,4258.0
20992,102033,1980209,134374.0
20998,102051,2654124,169934.0
21004,102070,1525366,84204.0
21005,102072,1645155,106021.0
21010,102088,1462900,44865.0
21022,102123,1245492,109414.0
21023,102125,1300854,68721.0
21029,102154,2617456,166076.0
21032,102160,1659338,77234.0
21033,102165,2055765,174321.0
21043,102194,1935179,103731.0
21104,102407,1343092,64682.0
21117,102445,1408101,54138.0
21141,102533,1319746,37269.0
21147,102588,2366450,128216.0
21163,102686,1951261,109439.0
21166,102720,848537,116711.0
21174,102753,2404461,152780.0
21183,102792,2024519,137182.0
21187,102800,2347569,121986.0
21188,102802,1731697,104755.0
21192,102819,1291580,119675.0
21204,102854,1780762,123103.0
21205,102856,1667355,166666.0
21213,102880,1815862,82700.0
21220,102903,1670345,75656.0
21227,102922,2368553,184125.0
21228,102924,2061712,118737.0
21234,102956,1261954,85431.0
21249,102993,1727388,147773.0
21263,103042,770828,49521.0
21275,103075,2184339,158015.0
21279,103085,1879032,174188.0
21286,103107,2396566,159014.0
21295,103137,2132285,96936.0
21297,103141,1453405,62211.0
21315,103219,2103217,103620.0
21319,103228,1663662,68726.0
21321,103235,1924396,152742.0
21326,103249,816711,72190.0
21327,103253,1535108,68724.0
21335,103275,1824254,159154.0
21337,103279,1932767,127373.0
21345,103299,1959332,126277.0
21350,103315,1767354,179826.0
21358,103335,1690953,93456.0
21359,103339,2334879,117251.0
21360,103341,1213663,107985.0
21365,103366,1893256,136418.0
21368,103372,2404463,136795.0
21372,103384,1210819,57201.0
21389,103449,1829012,109099.0
21400,103483,2450186,159117.0
21417,103539,1714206,157386.0
21418,103541,1932718,112200.0
21422,103549,2179121,112198.0
21448,103624,2334649,157354.0
21461,103655,790736,49524.0
21463,103659,2820466,183011.0
21468,103669,1480295,77663.0
21474,103685,2375574,179111.0
21475,103688,1457767,138843.0
21479,103723,1679235,51481.0
21480,103727,1160996,178809.0
21492,103755,1860353,77950.0
21505,103801,2265398,172533.0
21508,103810,1821694,146216.0
21514,103825,1911662,180948.0
21536,103883,1272878,136400.0
21548,103980,2334873,160588.0
21550,103984,2358891,179144.0
21579,104074,1854564,76285.0
21580,104076,2017020,77931.0
21581,104078,469021,177699.0
21595,104129,2016940,76544.0
21601,104144,1683043,65291.0
21608,104211,1723121,138832.0
21611,104218,2191701,109418.0
21618,104241,1650554,59859.0
21619,104243,1411250,87421.0
21620,104245,1691917,151960.0
21627,104274,1413495,115348.0
21630,104283,2013293,149870.0
21634,104298,1828970,198210.0
21636,104303,2357129,115782.0
21639,104312,1538403,123553.0
21647,104337,1327773,132363.0
21648,104339,2294677,157360.0
21661,104374,2194499,122906.0
21679,104441,2005374,199373.0
21698,104518,2171867,169209.0
21729,104631,2103267,111190.0
21760,104736,2218003,146223.0
21767,104760,2167202,146227.0
21795,104841,1454468,49047.0
21800,104861,2537176,207768.0
21801,104863,1486834,212716.0
21807,104879,1392214,146233.0
21811,104906,1985019,156711.0
21812,104908,2226417,91586.0
21814,104913,1979320,96721.0
21817,104925,2404311,112205.0
21822,104944,2370248,169813.0
21848,105037,1758795,129139.0
21855,105053,1132285,136911.0
21902,105197,1821549,129670.0
21906,105213,2229499,138697.0
21908,105217,1488181,133931.0
21917,105246,2027140,157820.0
21921,105254,2332579,157409.0
21942,105325,2274570,172828.0
21951,105351,2364841,146238.0
21963,105386,2230358,167032.0
21988,105468,1985966,109451.0
22000,105504,1535109,109424.0
22003,105519,1928340,198287.0
22023,105585,2002718,106747.0
22025,105593,1450321,85889.0
22038,105630,2126362,115210.0
22039,105653,1211956,107846.0
22047,105715,1407061,38093.0
22051,105731,1939659,133805.0
22053,105742,1837703,162903.0
22058,105755,2193215,109091.0
22064,105769,1821641,152795.0
22071,105799,2636522,191502.0
22085,105835,1825157,146015.0
22089,105844,2024544,76203.0
22095,105869,1311071,157370.0
22119,105954,2017038,152747.0
22134,106002,1731141,80274.0
22144,106030,1709143,190847.0
22152,106062,3063516,208134.0
22156,106072,1981115,76338.0
22166,106100,790636,152532.0
22167,106102,404978,97434.0
22176,106138,1381418,73500.0
22191,106195,1894476,162215.0
22193,106200,2094018,172803.0
22210,106240,1621039,175574.0
22231,106330,1204975,137093.0
22245,106374,1757769,123362.0
22266,106441,816442,203833.0
22269,106452,2718492,209274.0
22281,106487,1951264,101299.0
22282,106489,1170358,57158.0
22283,106491,1335975,64686.0
22301,106540,2387559,146239.0
22302,106542,1196948,41602.0
22337,106696,2294629,109445.0
22344,106727,2853614,200713.0
22356,106766,2042568,86829.0
22358,106782,993846,106646.0
22359,106785,2312718,204082.0
22369,106839,2304771,192136.0
22380,106870,2231554,134366.0
22381,106873,860907,75629.0
22383,106879,2486630,214597.0
22394,106916,1800241,168672.0
22395,106918,359950,116745.0
22396,106920,1798709,152601.0
22405,106983,2752200,184314.0
22434,107069,1091191,193756.0
22452,107141,2140373,140823.0
22507,107314,1321511,87516.0
22516,107348,1229340,109443.0
22532,107406,1706620,110415.0
22542,107436,2345567,166271.0
22561,107537,1879030,86331.0
22573,107565,2987732,233063.0
22595,107627,2101473,169881.0
22627,107702,1661382,64807.0
22651,107769,2473682,227348.0
22652,107771,1714915,152603.0
22675,107883,2350496,191714.0
22695,107953,2263944,126963.0
22697,107958,1634003,153158.0
22699,107962,2325002,243531.0
22707,107978,2331143,177945.0
22713,107997,2309021,159128.0
22737,108078,1937118,206408.0
22759,108156,1408253,168530.0
22763,108188,1205537,137094.0
22764,108190,1840309,157350.0
22768,108200,2304953,240916.0
22776,108237,1723642,102207.0
22779,108243,2752758,79316.0
22790,108280,1930294,84178.0
22799,108318,1540741,159932.0
22808,108401,1504403,56906.0
22833,108501,3060952,217993.0
22851,108540,1816518,126319.0
22869,108599,2011276,207769.0
22887,108689,1418377,100241.0
22896,108715,1609479,157099.0
22900,108729,2316411,181886.0
22919,108795,1186373,15359.0
22960,108928,2177771,152760.0
22962,108932,1490017,137106.0
22968,108945,1234721,97020.0
22970,108949,2172985,209247.0
22976,108981,2382009,249397.0
22977,108983,1957945,83564.0
23023,109157,458413,141043.0
23033,109187,2333804,157834.0
23034,109189,2318092,226857.0
23035,109191,1837709,137321.0
23052,109243,2382396,157847.0
23069,109295,2511428,210047.0
23089,109372,1826590,222899.0
23090,109374,2278388,120467.0
23104,109423,1134859,13061.0
23105,109425,1537759,24589.0
23127,109483,1800246,225565.0
23129,109487,816692,157336.0
23133,109516,1540767,160070.0
23146,109569,2172934,192102.0
23150,109578,2024469,225574.0
23165,109633,2591814,198375.0
23178,109673,1253863,53182.0
23184,109687,1385956,202141.0
23193,109720,2281159,204349.0
23194,109723,2212008,242076.0
23202,109742,2389182,175291.0
23206,109769,2438644,196024.0
23212,109783,953382,21788.0
23214,109788,2350892,256731.0
23231,109846,864835,82703.0
23233,109850,2369135,136797.0
23237,109864,2771372,177494.0
23262,109941,2268617,83201.0
23280,109995,2054790,186971.0
23291,110039,2668134,192577.0
23308,110102,1843866,100402.0
23312,110110,2567712,209276.0
23317,110127,1959490,86834.0
23318,110130,1821658,227783.0
23319,110132,3482378,257346.0
23363,110286,2059171,155084.0
23367,110297,2281587,145220.0
23377,110328,2139843,89237.0
23382,110346,1747958,190955.0
23407,110433,2106550,170689.0
23428,110501,2265171,180299.0
23445,110553,1872181,102382.0
23451,110566,3139072,251519.0
23456,110586,2234003,157832.0
23458,110591,2388715,157547.0
23466,110611,1179031,244509.0
23474,110639,2316801,197796.0
23477,110645,2404738,179538.0
23482,110655,2357291,172385.0
23487,110675,2101569,226448.0
23492,110718,2258345,214030.0
23493,110730,2209764,157353.0
23498,110750,1929263,236751.0
23504,110771,2203939,193610.0
23505,110773,2828996,184345.0
23518,110809,1686821,203739.0
23524,110826,1430612,254473.0
23538,110882,2692904,210479.0
23544,110899,2401807,242310.0
23552,110968,1921064,76649.0
23572,111113,2004420,195589.0
23593,111249,2404181,205601.0
23604,111287,1929308,139519.0
23621,111360,2872732,240832.0
23622,111362,1877832,127585.0
23623,111364,831387,124905.0
23626,111373,1707392,74505.0
23627,111375,2463288,187596.0
23630,111384,2359024,188166.0
23631,111387,2479800,192132.0
23642,111443,2883512,212778.0
23663,111529,1684226,113833.0
23669,111551,2309961,210947.0
23685,111617,1086772,232672.0
23686,111622,1980929,198277.0
23690,111630,1830713,166822.0
23701,111659,1587310,102651.0
23702,111661,1976000,192149.0
23724,111743,2557490,188161.0
23730,111759,1631867,137113.0
23732,111764,2800240,262391.0
23737,111781,2381249,177677.0
23738,111783,1720619,106938.0
23743,111795,1647668,198185.0
23755,111844,2996648,255268.0
23778,111921,2582846,222935.0
23779,111924,2319580,209185.0
23792,112006,2112281,82881.0
23802,112066,1853614,100271.0
23803,112070,2172584,157851.0
23810,112085,2352802,201066.0
23813,112091,1715336,227700.0
23819,112138,2294449,187017.0
23821,112165,2465578,244088.0
23822,112171,455944,156022.0
23824,112175,1646971,82702.0
23828,112183,2562232,194662.0
23831,112193,1753584,112160.0
23856,112277,2386278,146243.0
23862,112293,1323973,253279.0
23866,112303,2239832,184098.0
23885,112370,2109248,91314.0
23893,112399,2714900,169607.0
23905,112436,1931602,70706.0
23911,112450,2398249,180296.0
23915,112460,2980706,218836.0
23930,112497,2103254,226486.0
23935,112512,1677561,64246.0
23936,112515,2321549,242224.0
23945,112552,2582802,244786.0
23947,112556,2267998,210577.0
23950,112580,1294970,152790.0
23951,112582,2382298,250766.0
23965,112623,2103281,119450.0
23974,112655,1763264,123109.0
23990,112727,2377322,184346.0
23997,112749,2465146,253235.0
24012,112788,1956620,225886.0
24018,112804,2884206,244267.0
24024,112818,2975578,238636.0
24030,112852,2015381,118340.0
24035,112868,2910814,242095.0
24043,112895,2885364,185460.0
24044,112897,2333784,138103.0
24049,112911,1267297,184315.0
24057,112940,1972571,157849.0
24095,113062,3186318,244536.0
24099,113071,2183034,238603.0
24107,113103,2626350,243683.0
24111,113112,3214002,269100.0
24131,113207,2473602,239566.0
24145,113240,2758880,265169.0
24154,113275,2980648,228194.0
24167,113313,2503154,244610.0
24173,113345,1617661,76757.0
24174,113348,1291150,98566.0
24179,113364,2481480,243935.0
24183,113378,435651,227156.0
24185,113394,2140577,174337.0
24195,113453,1924435,193893.0
24236,113573,458481,189.0
24241,113604,1355630,249164.0
24252,113640,2517658,265010.0
24265,113696,1545754,209244.0
24290,113769,2799166,282813.0
24293,113775,1663207,209189.0
24295,113780,2870612,256274.0
24358,114007,1726592,204922.0
24364,114028,3169706,234200.0
24365,114033,2106361,216282.0
24368,114042,2343793,192145.0
24372,114060,1600196,154400.0
24375,114066,2920540,246400.0
24379,114074,1571249,244772.0
24404,114180,1790864,198663.0
24405,114182,2011159,136835.0
24406,114184,2994190,244506.0
24424,114246,365907,169917.0
24426,114250,2908856,282296.0
24432,114265,2034031,244264.0
24442,114329,2725962,276843.0
24448,114342,3630276,265189.0
24463,114392,2398231,264656.0
24475,114439,2402157,254904.0
24479,114459,2238050,157825.0
24486,114494,3042408,284427.0
24493,114552,787474,170687.0
24494,114554,2576852,149871.0
24511,114601,1371150,239678.0
24525,114659,2102496,157424.0
24526,114662,2179136,190859.0
24531,114678,1626146,254375.0
24532,114680,2771800,210911.0
24541,114704,2369317,253312.0
24542,114707,1528071,149509.0
24543,114713,3322940,250546.0
24553,114758,2409818,151368.0
24563,114795,829150,49017.0
24576,114847,1971325,262543.0
24577,114849,1085492,241254.0
24599,114925,2326612,244761.0
24603,114935,2397535,206487.0
24626,115071,3766424,273641.0
24633,115122,3416742,246741.0
24641,115147,1972779,239571.0
24642,115149,2911666,245891.0
24643,115151,2556874,208869.0
24648,115170,1872194,205587.0
24657,115210,2713180,228150.0
24659,115216,2720680,266285.0
24663,115231,2170593,239563.0
24699,115381,1698641,218778.0
24705,115414,2467046,218043.0
24718,115471,2960930,265016.0
24730,115534,1204977,242512.0
24737,115569,2872718,242582.0
24747,115617,2245084,177572.0
24751,115629,3253930,236735.0
24756,115664,2262227,228326.0
24757,115667,1638002,200727.0
24758,115669,2992146,217923.0
24762,115680,2669336,273271.0
24774,115713,470752,264660.0
24792,115777,2991296,257874.0
24813,115871,2481496,180305.0
24815,115875,1850374,77887.0
24817,115879,2033372,82424.0
24837,115927,910865,14830.0
24934,116161,1100089,87492.0
24960,116213,1762399,77951.0
24962,116217,1217213,75258.0
24963,116219,1216516,25475.0
25014,116397,1772264,207933.0
25039,116453,2463512,209271.0
25102,116668,2832470,241842.0
25146,116770,1858481,104329.0
25149,116781,1247690,164251.0
25154,116797,2084970,205596.0
25155,116799,1791528,171274.0
25156,116801,3825638,287495.0
25164,116817,1798243,244403.0
25167,116823,1951265,131631.0
25174,116841,2752688,222649.0
25179,116853,2180994,288281.0
25182,116859,2770480,188538.0
25191,116887,1528100,147441.0
25194,116893,1921149,206563.0
25196,116897,3011894,265195.0
25233,116977,2096672,100042.0
25244,117065,2387408,258086.0
25277,117176,2980516,266856.0
25286,117194,2978462,227735.0
25293,117312,2926810,193726.0
25309,117344,2363213,140818.0
25323,117372,3704538,267806.0
25334,117434,2793490,254194.0
25336,117438,3398268,242828.0
25350,117466,1390411,205775.0
25379,117529,369610,135397.0
25387,117545,3759416,170522.0
25405,117590,2170439,227159.0
25457,117714,2395199,238589.0
25479,117851,1911658,270946.0
25484,117861,2883434,253331.0
25487,117867,2614684,252178.0
25489,117871,3007512,256917.0
25494,117881,3316960,284293.0
25497,117887,1109624,116149.0
25501,117895,4046784,294254.0
25514,117922,2100546,79218.0
25542,118082,1567437,244458.0
25583,118246,2452254,246860.0
25584,118248,1274586,297596.0
25612,118328,1925518,110552.0
25625,118354,1216491,245916.0
25686,118696,2310332,122917.0
25688,118700,1020072,273895.0
25689,118702,1809398,227306.0
25691,118706,2261331,246080.0
25708,118760,2652092,250538.0
25728,118814,2139555,277547.0
25763,118896,3612616,265177.0
25764,118898,2937898,241239.0
25765,118900,2305051,228970.0
25774,118924,2784678,284296.0
25799,118985,1126590,87093.0
25801,118997,2180411,224141.0
25830,119141,2788710,228967.0
25832,119145,2802144,207703.0
25837,119155,2692250,181533.0
25847,119182,1411249,46127.0
25858,119218,2280378,120605.0
25883,119563,1846442,81393.0
25921,119655,1121096,68737.0
25990,119948,2980708,300706.0
25994,119964,910885,286532.0
26018,120132,1823664,196867.0
26021,120138,2338151,297222.0
26098,120466,1823672,198184.0
26101,120474,3473654,256835.0
26137,120635,2446042,260346.0
26138,120637,2717822,201088.0
26159,120783,2452200,294652.0
26167,120799,1340138,87101.0
26280,121109,1276434,19824.0
26283,121115,1705952,230222.0
26292,121137,2375779,125509.0
26300,121155,2609912,181330.0
26301,121157,1764625,121734.0
26333,121231,3235888,270303.0
26335,121235,2962726,269173.0
26344,121253,2561546,287084.0
26373,121314,2357377,160704.0
26403,121413,1076252,15671.0
26416,121453,3118958,243568.0
26854,122880,1797504,109689.0
26855,122882,1392190,76341.0
26856,122884,3195644,280092.0
26857,122886,2488496,140607.0
26858,122888,2638144,271969.0
26859,122890,803096,68735.0
26860,122892,2395427,99861.0
26862,122896,1790809,166426.0
26864,122900,478970,102899.0
26865,122902,1502712,166424.0
26866,122904,1431045,293660.0
26868,122918,3896198,283995.0
26869,122920,3498820,271110.0
26870,122922,1211837,284052.0
26871,122924,3385516,246655.0
26879,122940,2279864,133790.0
26883,122948,3204144,270343.0
27011,123359,2076176,85870.0
27170,123947,3442006,284276.0
27286,124344,1328642,15587.0
27451,124859,2039393,284536.0
27696,125543,2557276,302828.0
27763,125874,1846444,59722.0
27780,125914,3045616,210860.0
27781,125916,2322441,216015.0
27782,125918,4189442,305932.0
27944,126393,1403241,290555.0
27967,126482,4191054,302429.0
27971,126548,1666801,272693.0
27977,126562,2714380,280002.0
27980,126575,1945084,277355.0
28122,127096,2436386,227719.0
28126,127108,2381111,167073.0
28129,127114,3416744,249688.0
28132,127120,3442990,309581.0
28139,127134,1178665,232572.0
28140,127136,2273657,245706.0
28141,127138,3397754,253406.0
28142,127140,3165612,288036.0
28170,127196,3172532,250124.0
28171,127198,3850214,308639.0
28173,127202,2582496,308369.0
28174,127204,3844362,308024.0
28231,127319,1850397,72784.0
28232,127321,1649443,185341.0
28233,127323,3480796,307663.0
28416,128267,2418440,201765.0
28439,128360,3460252,273248.0
28473,128488,2231253,265208.0
28479,128512,3622592,286565.0
28483,128520,884732,252838.0
28515,128592,3181822,241251.0
28529,128620,4226388,320007.0
28535,128632,2802136,276839.0
28599,128838,2554274,201085.0
28601,128842,3829170,300803.0
28710,129229,2290553,286873.0
28752,129354,2381941,256591.0
28759,129370,2279373,228165.0
28760,129372,1841642,234212.0
28835,129657,2401097,290764.0
28863,129737,2358925,239573.0
28879,129781,2667918,259956.0
28891,129830,1620449,50135.0
28933,129937,2199571,241554.0
28959,130044,2420756,254193.0
28973,130073,1661199,150689.0
28974,130075,4007502,326359.0
28978,130083,2917388,228968.0
28980,130087,3203616,238215.0
29069,130442,2147459,199578.0
29070,130444,2418558,175774.0
29072,130448,1029360,243688.0
29073,130450,3332064,266647.0
29074,130452,1791682,252512.0
29089,130490,2908446,262500.0
29098,130508,2210479,113082.0
29099,130510,2358913,144288.0
29104,130520,2224026,228161.0
29106,130524,2272918,261375.0
29120,130576,2649554,245703.0
29121,130578,2515034,266396.0
29122,130580,3720788,275060.0
29126,130588,2515030,255343.0
29139,130634,2820852,168259.0
29140,130636,3713166,277685.0
29143,130642,2944198,228973.0
29156,130684,3520418,291272.0
29224,130956,1014763,181283.0
29238,130988,2639254,283227.0
29249,131013,2561572,257091.0
29267,131066,1629374,79433.0
29324,131180,3816458,293771.0
29386,131439,2393845,237756.0
29388,131444,3029556,221732.0
29389,131446,3029558,221731.0
29395,131464,2027136,146229.0
29466,131656,2872750,263109.0
29487,131714,2493486,308504.0
29517,131796,2404425,304357.0
29529,131830,3399024,269148.0
29535,131842,1661820,276902.0
29561,131920,2962876,228108.0
29600,132046,1964418,158852.0
29605,132056,2376218,255157.0
29625,132112,3297330,253626.0
29646,132157,3450650,256961.0
29729,132377,1552224,289720.0
29748,132424,2726560,228205.0
29755,132442,2911668,284289.0
29773,132480,1655441,293863.0
29781,132496,1772288,256924.0
29799,132551,3112654,248611.0
29828,132618,2044801,192712.0
29833,132630,3120408,297270.0
29834,132632,2483260,175112.0
29845,132656,4437640,327418.0
29847,132660,3064298,332340.0
29884,132796,2126355,254128.0
29885,132798,3319920,241257.0
29886,132800,2788716,284537.0
29905,132883,1441953,284689.0
29934,132961,2935476,250734.0
29940,132977,3148834,202575.0
29948,132997,3612032,259072.0
29994,133147,1092053,13283.0
29997,133153,2630134,168903.0
30001,133161,1398940,16418.0
30013,133185,3547740,304410.0
30015,133195,2679042,249070.0
30046,133281,3623726,275601.0
30091,133377,3327624,301728.0
30109,133419,2848292,254470.0
30175,133645,2402927,258480.0
30217,133747,1935302,145221.0
30226,133771,3464902,254320.0
30231,133782,1881002,287424.0
30238,133802,3205376,223485.0
30253,133832,2403021,171424.0
30265,133867,1731701,248574.0
30266,133869,3321300,292040.0
30361,134130,3659388,286217.0
30371,134170,3472226,251516.0
30384,134204,3697626,269494.0
30389,134214,3312830,310593.0
30403,134246,3247714,334074.0
30444,134368,3079380,238713.0
30447,134374,823671,13179.0
30449,134378,2896036,209415.0
30456,134393,3152624,271718.0
30495,134528,1243974,222936.0
30511,134569,1767372,245906.0
30514,134575,3374966,239877.0
30594,134783,1674771,188222.0
30624,134851,2933544,286521.0
30625,134853,2096673,150540.0
30638,134881,903657,271714.0
30657,134945,2599716,219572.0
30706,135133,1951266,131634.0
30707,135135,3369806,272878.0
30708,135137,2120120,257344.0
30710,135141,3410834,262504.0
30711,135143,3183660,259316.0
30778,135288,3168230,280996.0
30809,135436,2709768,328111.0
30813,135444,1893195,85739.0
30837,135504,1810683,256962.0
30844,135518,2140379,238615.0
30850,135530,3014866,302156.0
30851,135532,1618442,274854.0
30852,135534,3850590,287903.0
30853,135536,1386697,297761.0
30866,135567,1628841,47933.0
30867,135569,2660888,188927.0
30904,135643,2364897,293452.0
30986,135831,1754264,70006.0
30996,135852,3302706,286519.0
31000,135861,2637276,214756.0
31009,135885,1727770,86828.0
31010,135887,2293640,211672.0
31053,135983,1204883,15262.0
31069,136016,1979388,105864.0
31070,136018,1355683,261023.0
31071,136020,2379713,206647.0
31115,136217,900357,14913.0
31196,136449,1260502,14092.0
31214,136485,1020990,42979.0
31252,136562,2080374,321697.0
31253,136564,2884018,225728.0
31268,136598,1524930,296099.0
31270,136602,2428170,250574.0
31295,136654,2967008,254024.0
31301,136666,2758904,239568.0
31381,136857,2577172,312791.0
31383,136864,2975590,209112.0
31535,137278,4135218,317144.0
31555,137337,2870648,331781.0
31592,137457,2287663,115290.0
31633,137595,2268016,264999.0
31702,137857,3040964,278927.0
31704,137863,3819668,303857.0
31756,138036,1638355,203801.0
31794,138204,3895884,287689.0
31796,138208,3488710,285783.0
31797,138210,4172430,300671.0
31798,138212,2106651,324670.0
31940,138610,2309260,299245.0
31970,138702,3689498,293299.0
32049,139020,1987028,132137.0
32063,139052,2402101,182560.0
32178,139385,1663202,281957.0
32190,139417,3278330,314405.0
32193,139423,4262142,336845.0
32237,139575,2631186,256040.0
32249,139608,3062976,284286.0
32266,139642,1798684,307081.0
32267,139644,3397884,273481.0
32287,139713,2191765,342878.0
32291,139721,3149038,278236.0
32299,139747,443465,283350.0
32345,139855,2401878,291270.0
32346,139857,4005402,318781.0
32373,139915,1725986,253344.0
32430,140110,2361509,257211.0
32451,140160,3440298,277217.0
32457,140174,3170832,264644.0
32487,140247,4178092,328425.0
32495,140267,4263482,310131.0
32502,140289,3877674,296313.0
32596,140481,1329665,278604.0
32617,140523,3567288,298312.0
32620,140529,2752772,283445.0
32683,140711,3316948,261392.0
32684,140713,1781922,192141.0
32685,140715,1398426,277216.0
32690,140725,3813310,310133.0
32727,140805,2072230,295830.0
32734,140820,2091478,284674.0
32744,140846,4255626,319340.0
32772,140928,2446980,274479.0
32799,141004,1976009,228066.0
32844,141131,4600952,354556.0
32853,141166,940656,42949.0
32929,141397,3289728,301875.0
32932,141408,1727776,273477.0
32939,141422,3077214,245168.0
32992,141544,3672742,310135.0
33025,141648,3787590,301351.0
33044,141688,3569230,276907.0
33046,141692,2597760,306943.0
33057,141718,3705412,323373.0
33071,141749,810819,306819.0
33084,141799,2490326,241843.0
33116,141866,4062536,313922.0
33126,141890,1365050,283587.0
33186,142032,2938956,287948.0
33206,142074,3605418,263472.0
33223,142110,2461520,296523.0
33262,142212,2948840,300153.0
33265,142218,4080672,319341.0
33315,142372,1018765,10317.0
33325,142420,462335,254302.0
33326,142422,3530002,296100.0
33327,142424,2625810,334538.0
33334,142442,4058500,322125.0
33337,142448,2719848,253412.0
33356,142488,1895587,314365.0
33364,142507,1596345,245698.0
33365,142509,3072482,325348.0
33378,142536,2503944,295964.0
33406,142602,3702996,329263.0
33407,142604,3733778,290637.0
33561,142997,2510894,159824.0
33562,142999,2131532,360784.0
33578,143031,805559,13968.0
33580,143035,1072755,22371.0
33633,143209,4180514,339530.0
33637,143239,3707106,314385.0
33639,143245,1754656,309809.0
33672,143355,451279,297762.0
33677,143365,4287320,339988.0
33678,143367,490215,68730.0
33679,143369,4411504,352161.0
33685,143385,3682448,296098.0
33708,143440,3858372,323661.0
33710,143444,2056771,324807.0
33724,143472,1694021,244316.0
33791,143657,2400463,306947.0
33814,143713,3013610,315872.0
33850,143859,475290,270487.0
34151,144620,1051904,257445.0
34187,144698,2245003,290762.0
34195,144714,3862750,304372.0
34196,144716,3164256,253414.0
34202,144734,1817771,218784.0
34214,144760,3181776,346808.0
34276,144976,2494362,294963.0
34277,144982,2473510,146301.0
34294,145030,2006295,293646.0
34310,145064,4025514,356296.0
34345,145150,2910904,298382.0
34407,145384,3140100,254201.0
34418,145418,3203606,294016.0
34483,145733,1837587,74945.0
34515,145839,3322364,321741.0
34534,145935,2452042,227973.0
34703,146307,2474976,312831.0
34821,146656,3076658,312221.0
34823,146662,2065968,91417.0
34835,146688,1291570,339527.0
34883,146866,2217859,157827.0
34891,146900,3276924,336004.0
35112,147410,3577624,321751.0
35133,147471,2950052,300666.0
35177,147726,3687310,334527.0
35211,147847,2058673,257088.0
35301,148172,2304933,299687.0
35380,148424,4594834,340275.0
35433,148626,1596363,318846.0
35481,148727,2338424,207936.0
35537,148867,4382872,326425.0
35544,148888,1608290,329833.0
35573,148956,1292566,259694.0
35679,149334,4550098,340666.0
35688,149352,1528854,274167.0
35689,149354,1850457,266294.0
35713,149406,2267968,140300.0
35834,149658,4618398,347201.0
35908,149830,1374989,58431.0
36010,150234,1865368,84105.0
36020,150254,4935372,354216.0
36022,150258,2140037,174751.0
36038,150294,3387542,329440.0
36131,150604,2718440,272548.0
36279,151113,4080728,348678.0
36303,151313,1594972,276905.0
36304,151315,2869728,323675.0
36311,151345,4870838,366924.0
36341,151455,1083452,319888.0
36415,151639,3882082,321258.0
36418,151645,4552524,339547.0
36438,151687,3231054,335778.0
36442,151695,2580382,329004.0
36459,151735,3702652,364116.0
36461,151739,1860213,291870.0
36477,151777,2025690,300673.0
36552,152017,2674426,296096.0
36572,152059,2652118,263341.0
36573,152061,1712261,146198.0
36574,152063,2404233,205584.0
36578,152071,3499096,323677.0
36581,152077,1179933,333371.0
36582,152079,3300542,267860.0
36583,152081,2948356,269149.0
36584,152083,3553442,279641.0
36588,152091,3381008,267193.0
36646,152228,3658772,373314.0
36777,152591,2888046,365222.0
36871,152838,3533916,257087.0
36932,152970,4698684,371645.0
36935,152976,2271563,354110.0
37783,154915,3704050,302528.0
37834,155064,1974419,301365.0
37840,155078,3775086,364433.0
37897,155288,2057392,333352.0
37916,155392,3766394,320588.0
37946,155509,2091935,333385.0
37975,155583,4257926,339984.0
38005,155659,4136084,315664.0
38067,155820,4139124,342521.0
38073,155832,3838992,290825.0
38078,155846,3708886,333663.0
38092,155874,3068194,296360.0
38164,156125,4530884,357096.0
38202,156387,3544112,369557.0
38264,156605,5247022,370755.0
38265,156607,2381991,290595.0
38266,156609,4438848,325133.0
38296,156706,3733774,301608.0
38305,156726,5022702,376570.0
38379,156944,3841424,335578.0
38442,157122,787524,353326.0
38479,157200,2241351,303858.0
38489,157224,4383594,322240.0
38502,157268,4972062,356298.0
38503,157270,3628584,326423.0
38505,157274,3797868,330483.0
38506,157276,1995390,205588.0
38515,157296,2277860,127380.0
38523,157312,2702724,323676.0
38528,157326,2368619,333669.0
38534,157338,1124037,316152.0
38535,157340,1985949,153518.0
38545,157361,5278506,373072.0
38570,157432,4651410,384737.0
38584,157500,1349856,26691.0
38632,157667,4824302,353069.0
38634,157671,3100274,311667.0
38644,157699,3774114,302401.0
38706,157865,2865120,234004.0
38714,157881,4419364,323262.0
38731,157959,2978102,257440.0
38732,157961,2049543,347945.0
38844,158238,3799694,290250.0
38852,158254,4763168,383121.0
38855,158260,2980210,270010.0
38932,158428,2974918,258509.0
38950,158528,4052882,332567.0
38951,158530,2620590,300665.0
39024,158691,2372222,280690.0
39039,158727,3831810,297961.0
39062,158783,4016934,290098.0
39071,158813,2567026,241259.0
39079,158830,3691740,267935.0
39098,158872,1700841,223702.0
39139,158956,2667380,384798.0
39141,158962,5225338,371560.0
39143,158966,3553976,334533.0
39146,158972,4048272,374475.0
39179,159061,5215952,293670.0
39195,159093,3110958,291805.0
39243,159193,4513674,339397.0
39244,159195,5168192,374473.0
39315,159415,4034354,347031.0
39327,159441,4769836,389053.0
39330,159447,3174376,301804.0
39340,159484,3727202,398289.0
39385,159690,3949660,308531.0
39388,159696,1878841,257345.0
39414,159773,3324494,298459.0
39437,159827,3791216,347123.0
39444,159858,3065204,259693.0
39464,159970,4790268,391757.0
39496,160080,1289401,43074.0
39508,160112,775440,168098.0
39523,160145,4441280,323372.0
39572,160271,1489889,302699.0
39616,160400,1703957,267192.0
39635,160438,4196776,324668.0
39652,160474,4456850,360606.0
39679,160563,918940,258489.0
39680,160565,4094724,316727.0
39681,160567,2823054,316023.0
39682,160569,3416828,278154.0
39683,160571,4786282,345911.0
39684,160573,2788732,294272.0
39735,160718,5613056,399106.0
39784,160848,3666024,337703.0
39812,160954,3531824,328387.0
39824,160980,3263904,363676.0
39825,160982,4726636,371865.0
39829,160990,4645368,338189.0
39858,161062,4699388,366514.0
39860,161066,3165630,328901.0
39886,161127,1355631,325789.0
39888,161131,2005151,308266.0
40012,161580,4651520,376659.0
40013,161582,2582782,338766.0
40019,161594,5595168,390734.0
40038,161634,4160708,300669.0
40044,161650,2932536,403119.0
40068,161738,4731008,368940.0
40123,161922,1878870,376660.0
40138,161954,4190530,351339.0
40139,161956,3647498,309886.0
40143,161966,3716530,337674.0
40172,162082,5700672,396535.0
40193,162148,3352390,368031.0
40271,162322,3522806,278924.0
40282,162348,3991412,294795.0
40283,162350,2404435,333484.0
40304,162396,2238032,270774.0
40313,162414,4975722,376867.0
40333,162460,2815902,330982.0
40340,162478,2461150,213681.0
40366,162578,4302938,313297.0
40371,162590,1473832,95610.0
40372,162592,2547584,283552.0
40373,162594,4520364,377264.0
40375,162598,1860357,296524.0
40376,162600,1935859,283366.0
40377,162602,3631112,346685.0
40378,162604,4981636,369883.0
40379,162606,2140479,302946.0
40428,162730,3503406,331583.0
40431,162738,3721936,340485.0
40466,162828,4781612,374617.0
40576,163056,4262980,315011.0
40589,163094,3450900,291351.0
40604,163134,5311514,372058.0
40607,163140,1673423,63700.0
40718,163508,4468634,340487.0
40770,163645,2119532,324786.0
40797,163713,3448226,250388.0
40839,163909,4730986,393729.0
40840,163911,2032572,340945.0
40850,163931,2513074,293767.0
40852,163937,1540011,351211.0
40858,163949,2531318,391698.0
40861,163955,4776998,354859.0
40863,163959,4669986,339419.0
40869,163971,4666726,339405.0
40875,163985,5640450,410199.0
40936,164141,2679552,340677.0
40951,164175,3416532,258230.0
40953,164179,2543164,329865.0
40963,164200,4624424,332210.0
40975,164228,5253294,382511.0
41020,164367,4547056,375366.0
41024,164375,4119278,298583.0
41036,164411,2321405,393559.0
41074,164540,5952332,411009.0
41077,164546,1666185,402529.0
41119,164649,4771896,411638.0
41200,164821,4680182,339967.0
41239,164909,3783958,313369.0
41242,164917,5895028,407806.0
41271,164981,3640424,369885.0
41304,165087,1895315,324560.0
41308,165101,3062096,207932.0
41309,165103,2387499,331313.0
41310,165105,4361050,335796.0
41326,165141,1679335,136799.0
41406,165337,4645330,402298.0
41410,165347,3393786,343611.0
41413,165353,3608930,291356.0
41447,165441,376479,326285.0
41485,165549,4034228,334541.0
41486,165551,3741834,334543.0
41508,165603,3289956,397243.0
41520,165635,5254868,419639.0
41525,165645,1798603,338964.0
41541,165681,4649416,340402.0
41617,165883,4944596,394684.0
41640,165937,4682786,345920.0
41666,166020,4054654,354979.0
41725,166203,3260022,279229.0
41761,166291,5323662,378064.0
41818,166461,3521164,277834.0
41829,166486,1619029,376866.0
41832,166492,1711525,384682.0
41849,166526,3922818,365942.0
41850,166528,3748528,330459.0
41851,166530,1183374,353979.0
41852,166532,2361317,259695.0
41853,166534,4972582,381288.0
41858,166544,2726552,305943.0
41863,166558,3717252,346672.0
41868,166568,4540710,376290.0
41870,166572,1974420,291328.0
41897,166635,1355644,274870.0
41901,166643,4846340,381284.0
41924,166705,2671706,393457.0
41931,166721,1620935,332979.0
41944,166755,3173594,413052.0
41960,166788,4385888,342737.0
42006,166918,2034800,311324.0
42018,166946,4276820,310307.0
42044,167018,4501244,356305.0
42052,167036,3470600,335797.0
42066,167064,5804038,411019.0
42092,167122,5078214,377275.0
42173,167370,2094766,121856.0
42178,167380,1753383,381289.0
42184,167392,5074352,360814.0
42224,167488,2126235,195590.0
42252,167544,4572514,388399.0
42253,167546,1800302,334524.0
42281,167610,5538800,369299.0
42286,167620,2261287,342473.0
42292,167634,3401882,345922.0
42293,167636,3095734,262841.0
42294,167638,2072233,324542.0
42295,167640,4731136,340837.0
42335,167732,3606888,404378.0
42338,167738,1293847,47971.0
42339,167740,4030600,292280.0
42342,167746,4116284,324849.0
42360,167786,1389139,335791.0
42364,167794,5029608,377263.0
42381,167832,4857264,411088.0
42393,167858,3305308,256569.0
42438,168012,5122374,360365.0
42462,168060,498381,14564.0
42487,168122,4954522,393519.0
42489,168126,5577742,433244.0
42534,168248,4425200,324552.0
42535,168250,5052448,419430.0
42536,168252,3315342,263115.0
42537,168254,3731562,293167.0
42541,168266,2763304,180863.0
42547,168278,4536768,354282.0
42551,168286,1691916,397837.0
42552,168288,1082807,341006.0
42571,168326,5462602,416477.0
42573,168330,5710514,425591.0
42575,168334,4400038,369778.0
42580,168344,1972591,274857.0
42584,168352,3216348,241258.0
42588,168366,2771200,321612.0
42601,168418,3874544,295693.0
42602,168420,2494376,408220.0
42659,168554,3171832,414190.0
42674,168610,6265828,428449.0
42675,168612,1219827,315837.0
42691,168646,5039860,382595.0
42693,168650,3322892,297160.0
42721,168712,4465564,341174.0
42722,168714,1781058,346681.0
42726,168722,4731148,401513.0
42733,168738,3622110,420245.0
42753,168784,2918606,262982.0
42792,168884,3707104,345009.0
42854,169028,3335606,363126.0
42902,169164,2062700,330947.0
42903,169166,5541240,401104.0
43012,169390,5736696,382597.0
43017,169400,5923962,396263.0
43144,169670,4255304,378018.0
43170,169756,1661275,340101.0
43172,169760,4291600,410117.0
43174,169764,4714782,340676.0
43212,169842,2872518,345938.0
43219,169864,5442430,395992.0
43234,169900,1212428,314095.0
43235,169902,4573516,347882.0
43253,169948,5078204,382591.0
43268,169982,3717490,305470.0
43269,169984,2316204,126889.0
43273,169992,4158096,334521.0
43421,170393,5023260,396810.0
43424,170399,493405,417644.0
43425,170401,1412528,353569.0
43426,170403,2568862,353070.0
43428,170407,5657028,398929.0
43494,170555,5121816,420648.0
43523,170627,2398241,137116.0
43528,170637,4977530,429662.0
43532,170645,1730768,289222.0
43553,170697,4481414,400928.0
43559,170709,6315800,408647.0
43575,170751,4581576,390051.0
43589,170787,5001718,417678.0
43600,170813,1469304,339846.0
43601,170815,3462710,418437.0
43602,170817,2334871,373569.0
43607,170827,2345759,282035.0
43624,170875,4630562,337339.0
43634,170897,5893332,419700.0
43655,170939,2091256,268531.0
43658,170945,4695012,418078.0
43659,170947,4899370,424488.0
43660,170949,4411596,413998.0
43663,170957,3606752,260514.0
43665,170961,5776208,400136.0
43670,170973,3344680,348893.0
43687,171007,4572792,382614.0
43705,171049,4218696,405775.0
43723,171109,6574272,443319.0
43735,171141,5016946,412202.0
43773,171227,4795124,425134.0
43810,171315,2582576,390054.0
43867,171439,4805316,409297.0
43891,171491,1734493,291276.0
43896,171501,5717492,411405.0
43945,171611,4849438,350312.0
44012,171757,1935897,203835.0
44013,171759,5592248,399019.0
44015,171763,3890160,339403.0
44016,171765,3967856,387426.0
44062,171867,4799050,397422.0
44091,171925,3896738,408439.0
44324,172433,2674358,302150.0
44380,172547,3469046,324852.0
44499,172807,1718924,375183.0
44501,172813,1933667,363992.0
44643,173137,5464234,423988.0
44644,173139,4334266,316154.0
44647,173145,3450958,281338.0
44655,173161,1458169,293768.0
44676,173209,4758646,354287.0
44710,173291,2239822,339964.0
44774,173451,2571502,260312.0
44795,173499,2090465,76812.0
44931,173777,4632440,392794.0
44960,173835,5352846,452068.0
45000,173925,1536537,406990.0
45008,173941,2406566,341013.0
45053,174053,3973198,374430.0
45054,174055,5013056,374720.0
45132,174371,4694544,345915.0
45218,174585,3371366,335988.0
45220,174589,2282849,123229.0
45272,174711,5539054,412105.0
45301,174815,4481514,345914.0
45332,174893,1131724,269795.0
45336,174901,5091612,398924.0
45390,175197,1648190,353491.0
45407,175243,3501112,460846.0
45412,175253,1935194,404733.0
45440,175323,5262792,444902.0
45515,175475,4877122,378236.0
45543,175569,5362988,395834.0
45550,175585,4633690,339692.0
45553,175591,5029602,375798.0
45578,175649,5322012,440597.0
45580,175655,3564472,417870.0
45582,175659,5390504,407448.0
45615,175755,6367558,451955.0
45634,175795,5117876,417320.0
45641,175813,2121382,265189.0
45715,175987,5804948,430365.0
45719,175995,2441982,248705.0
45814,176211,6969946,455661.0
0,176223,4154756,299536.0
0,176224,2527336,181808.0
0,176225,3501632,284053.0
0,176226,1825683,284054.0
0,176227,2250912,315635.0
0,176228,1856101,335984.0
0,176229,5027774,359940.0
0,176230,5580390,399055.0
0,176232,0452623,4771.0
0,176233,5463162,383498.0
0,176234,6644200,447332.0
0,176236,0462322,285923.0
0,176237,1139328,11439.0
0,176238,4925292,391713.0
0,176239,5726616,398818.0
0,176240,0842926,39781.0
0,176241,4555426,399404.0
0,176242,5580036,389015.0
0,176244,3521126,371638.0
0,176245,5439796,399170.0
0,176247,2431286,205220.0
0,176248,1532503,55347.0
0,176249,3606756,260513.0
0,176250,1675192,64720.0
0,176251,4209788,396371.0
0,176252,2125435,84175.0
0,176253,5095030,363088.0
0,176254,0386032,2359.0
0,176255,5715874,399057.0
0,176256,4912910,353081.0
0,176257,5776858,400617.0
0,176259,5104604,399174.0
0,176260,1587707,39452.0
0,176262,2125608,84334.0
0,176263,5649144,394117.0
0,176264,0401997,4169.0
0,176265,2390361,209263.0
0,176266,2545118,158999.0
0,176267,5164432,449176.0
0,176268,1232776,24469.0
0,176270,1226774,19833.0
0,176271,1286537,18570.0
0,176273,4044364,293310.0
0,176274,7784604,493922.0
0,176275,2937696,295699.0
0,176276,4686844,402897.0
0,176277,4846232,429200.0
0,176278,5742374,398181.0
0,176279,1865505,110416.0
0,176280,1866249,113947.0
0,176281,5186714,375315.0
0,176282,0762073,22536.0
0,176283,5657856,398175.0
0,176284,4995790,401246.0
0,176285,0775529,8272.0
0,176287,4468740,346648.0
0,176288,0765432,6968.0
0,176289,3829920,395991.0
0,176291,0775489,41201.0
0,176292,1259014,13635.0
0,176293,2396589,414425.0
0,176294,1152758,15584.0
0,176295,0485601,26963.0
0,176296,0842929,1990.0
0,176297,3544082,311291.0
0,176298,1431181,44009.0
0,176299,2891174,283235.0
0,176300,5536736,396398.0
0,176301,4229236,319075.0
0,176303,2473794,245700.0
0,176304,3824458,308084.0
0,176305,2675914,252822.0
0,176306,3674140,265297.0
0,176307,5610554,400579.0
0,176308,3726704,309299.0
0,176309,5635086,428493.0
0,176310,1183919,90125.0
0,176311,4341582,317557.0
0,176312,4082068,314402.0
0,176314,5859238,407449.0
0,176315,3901826,435129.0
0,176316,4882376,433247.0
0,176317,5990474,414453.0
0,176318,1259573,291092.0
0,176319,5164214,402900.0
0,176320,5052474,400535.0
0,176321,6911608,458423.0
0,176322,5304992,384677.0
0,176323,3766354,345887.0
0,176324,6218358,474051.0
0,176325,4575576,420814.0
0,176326,7424200,474395.0
